	Sequence	Label	Length	ID	Sequence_idx
0	YYY	0	3	0	0
1	YYGSNSA	1	7	1	1
2	YYG	0	3	2	2
3	YY	0	2	3	3
4	YVVFKD	1	6	4	4
5	YVGDEAQSKRG	1	11	5	5
6	YVDPNVLPE	1	9	6	6
7	YSTHPHF	1	7	7	7
8	YRNTQAILK	1	9	8	8
9	YQQPVLGPVRGPFPI	0	15	9	9
10	YQQKPVAL	0	8	10	10
11	YQEPVLGPVRGPFPI	0	15	11	11
12	YQEPVLGPVRGPFP	0	14	12	12
13	YPVEPFTER	0	9	13	13
14	YPGIADRMQK	1	10	14	14
15	YPFPGPIPNS	0	10	15	15
16	YPFPGPIPN	0	9	16	16
17	YPFPGPIHNS	0	10	17	17
18	YPFPGPIHN	0	9	18	18
19	YPFPGPI	0	7	19	19
20	YPF	0	3	20	20
21	YP	0	2	21	21
22	YNEYPPLGR	1	9	22	22
23	YNEDNGIVK	0	9	23	23
24	YLGYLEQLLR	0	10	24	24
25	YLEQLLR	0	7	25	25
26	YLASCLSSVKEEK	1	13	26	26
27	YL	0	2	27	27
28	YKCKDGDLR	1	9	28	28
29	YGY	0	3	29	29
30	YGLF	0	4	30	30
31	YGGTPPFV	1	8	31	31
32	YGGTPFV	0	7	32	32
33	YGG	0	3	33	33
34	YGESDL	1	6	34	34
35	YG	0	2	35	35
36	YF	0	2	36	36
37	YEGNS	0	5	37	37
38	YEEE	1	4	38	38
39	YEED	1	4	39	39
40	YEAFVK	1	6	40	40
41	YE	0	2	41	41
42	YDTELKLPEESN	1	12	42	42
43	YDSTHGRFKGEVK	1	13	43	43
44	YDQ	1	3	44	44
45	YDAELS	1	6	45	45
46	YADSNIQINGTDR	1	13	46	46
48	WWW	0	3	48	48
49	WW	0	2	49	49
50	WVNEEDHL	1	8	50	50
51	WPEMDAL	0	7	51	51
52	WPAGE	1	5	52	52
53	WP	0	2	53	53
54	WNNDAFQSSTN	1	11	54	54
55	WL	0	2	55	55
56	WGSEPIRIQ	1	9	56	56
57	WGDL	1	4	57	57
58	WGDDP	1	5	58	58
59	WFKDEEF	1	7	59	59
60	WF	0	2	60	60
61	WEEF	1	4	61	61
62	WE	0	2	62	62
63	WDL	0	3	63	63
64	WDDMEKIWH	1	9	64	64
65	WDDMEK	1	6	65	65
67	VYPFPPIGNH	0	10	67	67
68	VYPFPPGINH	0	10	68	68
69	VYPFPPGIGG	0	10	69	69
70	VYPFPPGI	0	8	70	70
71	VYPFPPG	0	7	71	71
72	VYPFPGPIPN	0	10	72	72
73	VYPFGGGINH	0	10	73	73
74	VYPF	0	4	74	74
75	VYP	0	3	75	75
76	VYETPDR	1	7	76	76
77	VY	0	2	77	77
78	VVYPWTQRF	0	9	78	78
79	VVVV	0	4	79	79
80	VVVPPFLQP	0	9	80	80
81	VVVPPFL	0	7	81	81
82	VVVPP	0	5	82	82
83	VVVGTPGRVF	1	10	83	83
84	VVV	0	3	84	84
85	VVPPFL	0	6	85	85
86	VVLNPVARVE	1	10	86	86
87	VVGET	1	5	87	87
88	VVEGEPSLK	1	9	88	88
89	VVDVLHPN	0	8	89	89
90	VVAPFPEV	0	8	90	90
91	VVAPFPE	0	7	91	91
92	VVAPFP	0	6	92	92
93	VV	1	2	93	93
94	VTADESQQDVLK	1	12	94	94
95	VTADESQQDVLF	1	12	95	95
96	VT	1	2	96	96
97	VRSY	1	4	97	97
98	VRPPIIVGD	0	9	98	98
99	VRGPR	1	5	99	99
100	VRGPFP	0	6	100	100
101	VR	0	2	101	101
102	VQPEDNKGVFQ	1	11	102	102
103	VPY	1	3	103	103
104	VPVDILDHDNN	1	11	104	104
105	VPPFLQPE	0	8	105	105
106	VPPFLQ	0	6	106	106
107	VPPFLE	0	6	107	107
108	VPPFL	0	5	108	108
109	VPNSAEER	0	8	109	109
110	VPLGTQYTDAPSF	0	13	110	110
111	VPGGQEIKDR	0	10	111	111
112	VPGEIVESL	0	9	112	112
113	VPEPEPH	1	7	113	113
114	VPAFLRQARCFS	1	12	114	114
115	VPA	0	3	115	115
116	VP	0	2	116	116
117	VNVDEVGGEALGR	1	13	117	117
118	VNFDGEI	1	7	118	118
119	VLVLDTDYKK	1	10	119	119
120	VLTHGEDKEGE	1	11	120	120
121	VLPVPQKAVPYPQ	0	13	121	121
122	VLPVPQK	1	7	122	122
123	VLPVPQ	0	6	123	123
124	VLPTDQNFILR	1	11	124	124
125	VLALEELLAMPEN	1	13	125	125
126	VL	0	2	126	126
127	VKKVFK	1	6	127	127
128	VKEAMAPK	0	8	128	128
129	VIVK	1	4	129	129
130	VIPFPGR	0	7	130	130
131	VIIPFPGR	0	8	131	131
132	VIIPFPG	0	7	132	132
133	VIILIH	1	6	133	133
134	VIIIIH	1	6	134	134
135	VIIGGGDTAT	0	10	135	135
136	VIGGPQGDAG	0	10	136	136
137	VIFPPGR	0	7	137	137
138	VIFPPG	0	6	138	138
139	VIFGETLTGR	0	10	139	139
140	VIF	0	3	140	140
141	VIEPLDIGDDKVR	0	13	141	141
142	VIDNDPRS	1	8	142	142
143	VI	0	2	143	143
144	VHNEGLPAPIVR	0	12	144	144
145	VGYDAE	1	6	145	145
146	VGV	0	3	146	146
147	VGPDDDEKSW	1	10	147	147
148	VGNEFVTKG	1	9	148	148
149	VGKGAHLSGEH	1	11	149	149
150	VGG	1	3	150	150
151	VG	1	2	151	151
152	VFGKEKVNEL	0	10	152	152
153	VFEWENFAK	0	9	153	153
154	VFDISNADRLG	0	11	154	154
155	VF	1	2	155	155
156	VEVVALND	1	8	156	156
157	VEV	1	3	157	157
158	VESQTNGIIR	0	10	158	158
159	VES	1	3	159	159
160	VENQQLAL	1	8	160	160
161	VENLHLPLPLLQSW	0	14	161	161
162	VENLHLPLPLL	0	11	162	162
163	VEL	1	3	163	163
164	VEH	1	3	164	164
165	VEESRPGAIA	1	10	165	165
166	VEDEDEKPKEK	1	11	166	166
167	VEAL	1	4	167	167
168	VE	1	2	168	168
169	VDW	1	3	169	169
170	VDV	1	3	170	170
171	VDRL	1	4	171	171
172	VDR	1	3	172	172
173	VDNIPVGPN	0	9	173	173
174	VDFDDLHR	1	8	174	174
175	VDF	0	3	175	175
176	VDEYIPTPER	1	10	176	176
177	VDAMVH	1	6	177	177
178	VD	1	2	178	178
179	VAV	1	3	179	179
180	VAQWRKCL	1	8	180	180
181	VAQWR	1	5	181	181
182	VAPFPEVFGKE	0	11	182	182
183	VAPFPE	0	6	183	183
184	VAPFP	0	5	184	184
185	VAPEEHPT	1	8	185	185
186	VAMNPVDHPH	1	10	186	186
187	VAEQE	1	5	187	187
188	VADLMR	1	6	188	188
189	VA	0	2	189	189
191	TYNPR	1	5	191	191
192	TYNPK	1	5	192	192
193	TYLPVH	1	6	193	193
194	TYET	1	4	194	194
195	TWKE	1	4	195	195
196	TVPIYEG	1	7	196	196
197	TVIDAPGHRDFI	1	12	197	197
198	TVGGILIHFL	1	10	198	198
199	TVDGPSH	1	7	199	199
200	TVATFSSSTKPDD	1	13	200	200
201	TTLPDK	1	6	201	201
202	TSE	1	3	202	202
203	TRVKEELE	1	8	203	203
204	TREQMIHER	1	9	204	204
205	TR	0	2	205	205
206	TQTPVVVPPFLQPE	0	14	206	206
207	TQTPVVVPPFL	0	11	207	207
208	TPVVVPPFLQPEVM	0	14	208	208
209	TPPKID	1	6	209	209
210	TPLVDR	1	6	210	210
211	TPIVGQPSIPGGPVR	1	15	211	211
212	TPIPDLP	1	7	212	212
213	TPELLH	0	6	213	213
214	TPE	1	3	214	214
215	TPDLLH	0	6	215	215
216	TPDFVR	0	6	216	216
217	TP	0	2	217	217
218	TNWDDMEKIW	0	10	218	218
219	TNAPWYK	0	7	219	219
220	TLTDVEK	1	7	220	220
221	TLRRCM	1	6	221	221
222	TLGGPTTL	1	8	222	222
223	TLFQPSF	1	7	223	223
224	TIVWNGPPG	0	9	224	224
225	TIGHVDHGKTTLT	1	13	225	225
226	THEA	1	4	226	226
227	TGWVDVK	1	7	227	227
228	TGS	1	3	228	228
229	TGLQQGKTYRF	1	11	229	229
230	TGFLPEEYMK	1	10	230	230
231	TGESGAGKTVNTKR	1	14	231	231
232	TGDPEK	1	6	232	232
233	TGC	1	3	233	233
234	TG	0	2	234	234
235	TFYNELRV	0	8	235	235
236	TFYNELR	1	7	236	236
237	TFEKP	1	5	237	237
238	TF	0	2	238	238
239	TEYSPGP	1	7	239	239
240	TETKTFTLK	1	9	240	240
241	TESSSE	1	6	241	241
242	TERGYSF	1	7	242	242
243	TEF	1	3	243	243
244	TEEMEEMRRKL	1	11	244	244
245	TEDWGR	1	6	245	245
246	TEALA	1	5	246	246
247	TE	1	2	247	247
248	TDVEQEGD	1	8	248	248
249	TDVENLHLPPLL	0	12	249	249
250	TDVENLHLPLPL	0	12	250	250
251	TDVAHR	1	6	251	251
252	TDLMN	1	5	252	252
253	TDEE	1	4	253	253
254	TDDQVDEIIRN	1	11	254	254
255	TD	1	2	255	255
256	TAY	1	3	256	256
258	SYNPR	1	5	258	258
259	SWLDGK	1	6	259	259
260	SVYGSIYAIA	1	10	260	260
261	SVRIQELEDLLE	1	12	261	261
262	SVRIQELEDL	1	10	262	262
263	SVLGDVGITEVFSDR	1	15	263	263
264	STMLLESER	1	9	264	264
265	STLDAEVR	1	8	265	265
266	STHPHF	1	6	266	266
267	STELFK	1	6	267	267
268	STAN	1	4	268	268
269	SSRNEQSR	1	8	269	269
270	SSRDEQSR	1	8	270	270
271	SSAVK	1	5	271	271
272	SR	0	2	272	272
273	SPVFL	1	5	273	273
274	SPPTEE	1	6	274	274
275	SPFSQ	1	5	275	275
276	SPEEKKEEET	1	10	276	276
277	SPE	1	3	277	277
278	SP	0	2	278	278
279	SNGNE	1	5	279	279
280	SNGDDE	1	6	280	280
281	SM	1	2	281	281
282	SLVYPFPGPIPNSL	0	14	282	282
283	SLVYPFPGPIHNS	0	13	283	283
284	SLSSLMK	1	7	284	284
285	SLGFGGPPGY	1	10	285	285
286	SLAKGDEE	1	8	286	286
287	SLADEEKG	1	8	287	287
288	SLA	0	3	288	288
289	SL	0	2	289	289
290	SITRINK	0	7	290	290
291	SIITPPERQ	0	9	291	291
292	SIITPPER	0	8	292	292
293	SIEDVEESRNK	1	11	293	293
294	SIEDEQRSHSE	1	11	294	294
295	SGVQ	0	4	295	295
296	SGN	1	3	296	296
297	SGDAW	1	5	297	297
298	SGCVNEL	1	7	298	298
299	SFG	1	3	299	299
300	SFEAVEAAPT	1	10	300	300
301	SFE	1	3	301	301
302	SF	1	2	302	302
303	SEYPPLGR	0	8	303	303
304	SEPSHF	1	6	304	304
305	SEGR	1	4	305	305
306	SEGGR	1	5	306	306
307	SEFKQRY	1	7	307	307
308	SEETTTGVHH	1	10	308	308
309	SEEK	1	4	309	309
310	SEEG	1	4	310	310
311	SEE	1	3	311	311
312	SEC	0	3	312	312
313	SEASNNK	1	7	313	313
314	SE	1	2	314	314
315	SDSCIR	1	6	315	315
316	SDSCI	1	5	316	316
317	SDRKIPEK	1	8	317	317
318	SDEERMDAL	1	9	318	318
319	SD	1	2	319	319
320	SAEQT	1	5	320	320
321	SAEQK	1	5	321	321
322	SAELLK	1	6	322	322
323	SAEFG	0	5	323	323
324	SADETPR	1	7	324	324
325	SAALQAG	1	7	325	325
327	RWDGRG	0	6	327	327
328	RVF	0	3	328	328
329	RV	0	2	329	329
330	RT	0	2	330	330
331	RS	0	2	331	331
332	RRR	0	3	332	332
333	RRPPPFFF	0	8	333	333
334	RRPPGF	0	6	334	334
335	RRPPFFF	0	7	335	335
336	RRPPFF	0	6	336	336
337	RRPP	0	4	337	337
338	RRPFF	0	5	338	338
339	RRLL	1	4	339	339
340	RR	0	2	340	340
341	RQ	0	2	341	341
342	RPWHR	0	5	342	342
343	RPRVVR	1	6	343	343
344	RPPVVR	1	6	344	344
345	RPPPFFF	0	7	345	345
346	RPPFIV	0	6	346	346
347	RPNPFENR	1	8	347	347
348	RPLGNC	1	6	348	348
349	RPKHPIKHQGLPQ	0	13	349	349
350	RPKHPIKHQ	0	9	350	350
351	RPKHPIK	0	7	351	351
352	RPIKPPGPPINPK	1	13	352	352
353	RPHR	0	4	353	353
354	RPGGFF	0	6	354	354
355	RPGFF	0	5	355	355
356	RPGF	0	4	356	356
357	RPGAGQPPRR	1	10	357	357
358	RPG	0	3	358	358
359	RPFG	0	4	359	359
360	RPFFRPFFRPFF	0	12	360	360
361	RPFFRPFF	0	8	361	361
362	RPFFGG	0	6	362	362
363	RPFF	0	4	363	363
364	RPF	0	3	364	364
365	RP	0	2	365	365
366	RM	0	2	366	366
367	RLGSSEVEQVQ	1	11	367	367
368	RL	1	2	368	368
369	RKYEEVAR	1	8	369	369
370	RKE	1	3	370	370
371	RK	0	2	371	371
372	RIQELEDLLE	1	10	372	372
373	RIINPEGQQ	0	9	373	373
374	RIEAQNKPF	1	9	374	374
375	RI	0	2	375	375
376	RGPPGIG	0	7	376	376
377	RGPPGGV	0	7	377	377
378	RGPPGGGFF	0	9	378	378
379	RGPPGGFF	0	8	379	379
380	RGPPGGF	0	7	380	380
381	RGPPGFG	0	7	381	381
382	RGPPGFF	0	7	382	382
383	RGPPGF	0	6	383	383
384	RGPPFIVRGPPFIV	0	14	384	384
385	RGPPFIVGG	0	9	385	385
386	RGPPFIV	0	7	386	386
387	RGPPFIIV	0	8	387	387
388	RGPPFI	0	6	388	388
389	RGPPFGG	0	7	389	389
390	RGPPFFF	0	7	390	390
391	RGPPFF	0	6	391	391
392	RGPPF	0	5	392	392
393	RGPKPIIV	0	8	393	393
394	RGPGPIIV	0	8	394	394
395	RGPFPIV	0	7	395	395
396	RGPFPIIV	0	8	396	396
397	RGPFPI	0	6	397	397
398	RGPFIV	0	6	398	398
399	RGPEPIIV	0	8	399	399
400	RGP	0	3	400	400
401	RGGFIV	0	6	401	401
402	RGG	1	3	402	402
403	RGFGGAR	1	7	403	403
404	RGFF	0	4	404	404
405	RGEPNND	1	7	405	405
406	RGENESEEEGAIVT	1	14	406	406
407	RGENESDEQGAIVT	1	14	407	407
408	RGENESDEFGAIVT	1	14	408	408
409	RG	0	2	409	409
410	RFRQGD	1	6	410	410
411	RFPHADF	0	7	411	411
412	RFGF	0	4	412	412
413	RFESF	1	5	413	413
414	RF	0	2	414	414
415	REFDDLPLH	0	9	415	415
416	REESDFQSSF	1	10	416	416
417	RE	0	2	417	417
418	RDWPDARG	1	8	418	418
419	RDNPHW	1	6	419	419
420	RDMPIQAFLLY	0	11	420	420
421	RDH	1	3	421	421
422	RDETLDDW	1	8	422	422
423	RD	1	2	423	423
424	RADSYNPR	1	8	424	424
425	RA	0	2	425	425
427	QVAIAHRDAK	1	10	427	427
428	QTFNTEEDTAK	1	11	428	428
429	QTDEYGNPVH	1	10	429	429
430	QSKVLPVPQ	0	9	430	430
431	QRIPAGTTY	1	9	431	431
432	QR	0	2	432	432
433	QQPVLGPVRGPFPI	0	14	433	433
434	QPVLGPVRGPFPIIV	0	15	434	434
435	QPFP	0	4	435	435
436	QP	1	2	436	436
437	QNQLDQMPR	1	9	437	437
438	QNDF	1	4	438	438
439	QLSELLRAGSSPNL	1	14	439	439
440	QLQ	1	3	440	440
441	QLFNPSTNPWHSP	0	13	441	441
442	QLFNPSTNPWH	0	11	442	442
443	QLFNPSTNP	0	9	443	443
444	QLFNPS	0	6	444	444
445	QLFGPNVNPWHNP	0	13	445	445
446	QL	1	2	446	446
447	QKLPEKPER	1	9	447	447
448	QIVK	1	4	448	448
449	QISPYRRI	1	8	449	449
450	QIEELEGK	1	8	450	450
451	QGGDF	1	5	451	451
452	QFLR	1	4	452	452
453	QF	1	2	453	453
454	QEVEISRR	0	8	454	454
455	QEQEAKKR	1	8	455	455
456	QEPVLGPVRGPFPII	0	15	456	456
457	QEGW	1	4	457	457
458	QEEL	1	4	458	458
459	QEEK	1	4	459	459
460	QDTW	1	4	460	460
461	QDSIGS	1	6	461	461
462	QDF	1	3	462	462
463	QCM	1	3	463	463
464	QAEADMAR	1	8	464	464
465	QAEADAR	1	7	465	465
467	PYP	0	3	467	467
468	PY	0	2	468	468
469	PVVSGARRMMVPR	0	13	469	469
470	PVRGPFPIIV	0	10	470	470
471	PVLVQR	0	6	471	471
472	PVLGPVRGPFPIIV	0	14	472	472
473	PVLGPV	0	6	473	473
474	PVARMCR	1	7	474	474
475	PV	0	2	475	475
476	PTVEVDLH	1	8	476	476
477	PSIDD	1	5	477	477
478	PSG	1	3	478	478
479	PSE	1	3	479	479
480	PS	0	2	480	480
481	PRTDIPGVVEK	1	11	481	481
482	PR	0	2	482	482
483	PQFAPEED	1	8	483	483
484	PPQEAAQF	1	8	484	484
485	PPP	0	3	485	485
486	PPMF	1	4	486	486
487	PPG	0	3	487	487
488	PPFL	0	4	488	488
489	PPFIV	0	5	489	489
490	PPF	0	3	490	490
491	PP	0	2	491	491
492	PLA	1	3	492	492
493	PL	0	2	493	493
494	PKLLLLPKP	1	9	494	494
495	PKESEKPN	1	8	495	495
496	PKALSAFK	1	8	496	496
497	PK	0	2	497	497
498	PIYEGY	1	6	498	498
499	PIP	0	3	499	499
500	PI	0	2	500	500
501	PHEMQ	1	5	501	501
502	PGWETYRK	1	8	502	502
503	PGSVQEINRL	1	10	503	503
504	PGRGCPGN	1	8	504	504
505	PGR	0	3	505	505
506	PGPPVLPPNFK	0	11	506	506
507	PGPIP	0	5	507	507
508	PGPGPG	0	6	508	508
509	PGPG	0	4	509	509
510	PGPAGPAGP	1	9	510	510
511	PGP	0	3	511	511
512	PGI	0	3	512	512
513	PGGVRNG	1	7	513	513
514	PGG	0	3	514	514
515	PGD	1	3	515	515
516	PG	0	2	516	516
517	PFSPQ	0	5	517	517
518	PFPP	0	4	518	518
519	PFPIIV	0	6	519	519
520	PFPGPIPNS	0	9	520	520
521	PFPGPIP	0	7	521	521
522	PFPGPI	0	6	522	522
523	PFP	0	3	523	523
524	PFIV	0	4	524	524
525	PFGQQ	0	5	525	525
526	PFGNTHNNFK	1	10	526	526
527	PF	0	2	527	527
528	PEVF	0	4	528	528
529	PET	1	3	529	529
530	PEGADKPNK	1	9	530	530
531	PEG	1	3	531	531
532	PEEL	1	4	532	532
533	PEDVIMGAF	1	9	533	533
534	PECGLVVG	1	8	534	534
535	PE	1	2	535	535
536	PDWEDWNPK	1	9	536	536
537	PDVQAAFQK	1	9	537	537
538	PDSRIQDD	1	8	538	538
539	PDKPNT	1	6	539	539
540	PDFP	0	4	540	540
541	PC	0	2	541	541
542	PAYQVDKGN	1	9	542	542
543	PAQ	1	3	543	543
544	PAATIPE	1	7	544	544
545	PAA	1	3	545	545
546	PA	0	2	546	546
548	NYYQQKPVA	0	9	548	548
549	NY	1	2	549	549
550	NWDDMEKIWHHTF	0	13	550	550
551	NWDDMEK	1	7	551	551
552	NVVGET	1	6	552	552
553	NVVAGSDLR	1	9	553	553
554	NVNPWHN	1	7	554	554
555	NVIVK	1	5	555	555
556	NVDPF	0	5	556	556
557	NTC	0	3	557	557
558	NSLEGEFKG	1	9	558	558
559	NSDSM	1	5	559	559
560	NRTF	1	4	560	560
561	NQS	1	3	561	561
562	NQITKPNDVY	0	10	562	562
563	NQEGLFR	1	7	563	563
564	NP	1	2	564	564
565	NNP	1	3	565	565
566	NNENQLDEYQR	1	11	566	566
567	NNEDT	0	5	567	567
568	NN	1	2	568	568
569	NMKF	1	4	569	569
570	NMAINPSKENL	1	11	570	570
571	NLRDNYRF	1	8	571	571
572	NLQG	0	4	572	572
573	NLLRFF	0	6	573	573
574	NLKGGDDLDPNYVL	0	14	574	574
575	NLHLPLPLLQS	0	11	575	575
576	NKHGSGK	1	7	576	576
577	NKF	1	3	577	577
578	NIIGA	1	5	578	578
579	NH	0	2	579	579
580	NGKET	1	5	580	580
581	NGG	1	3	581	581
582	NFNNQLDQQTPR	0	12	582	582
583	NFHHGD	1	6	583	583
584	NER	1	3	584	584
585	NENLL	0	5	585	585
586	NEFGYSNR	1	8	586	586
587	NDDGW	1	5	587	587
588	NAVPITPTLNREQ	1	13	588	588
589	NAVPIPTPTLNREQ	1	14	589	589
590	NARIEELEEE	1	10	590	590
591	NAMK	1	4	591	591
592	NALPW	0	5	592	592
593	NALPS	0	5	593	593
594	NALPR	0	5	594	594
595	NALPP	0	5	595	595
596	NALPL	0	5	596	596
597	NALPE	0	5	597	597
598	NALPD	0	5	598	598
599	NALNDITSL	0	9	599	599
600	NALKSVECYDAR	1	12	600	600
601	NALKPDNRIES	1	11	601	601
602	NALEPDHRVE	0	10	602	602
603	NAL	0	3	603	603
604	NAEG	1	4	604	604
606	MTNLLEDLSFR	1	11	606	606
607	MTLERPW	1	7	607	607
608	MSG	1	3	608	608
609	MS	1	2	609	609
610	MR	0	2	610	610
611	MQAMKLEK	1	8	611	611
612	MPFPKYPVEPF	0	11	612	612
613	MPFPKYPVEP	0	10	613	613
614	MNLHLSF	1	7	614	614
615	MLKKKKLA	1	8	615	615
616	MKIEKENAL	0	9	616	616
617	MI	0	2	617	617
618	MGPENGV	1	7	618	618
619	MEREQEESTMR	1	11	619	619
620	MEIDD	1	5	620	620
621	ME	1	2	621	621
622	MDAIKKMQ	1	8	622	622
623	MAMQKIFAR	1	9	623	623
624	MAASGDVGK	1	9	624	624
626	LYER	1	4	626	626
627	LYANNVL	1	7	627	627
628	LY	0	2	628	628
629	LW	0	2	629	629
630	LVYPFPGPIHN	0	11	630	630
631	LVTGGDSGIGR	1	11	631	631
632	LVNNDDRDSY	1	10	632	632
633	LVLPGELAK	1	9	633	633
634	LVL	0	3	634	634
635	LVKGGLIP	1	8	635	635
636	LVG	1	3	636	636
637	LVDKL	1	5	637	637
638	LV	1	2	638	638
639	LTPEPEH	1	7	639	639
640	LTLF	1	4	640	640
641	LTFVER	1	6	641	641
642	LT	0	2	642	642
643	LSSPATLNSR	0	10	643	643
644	LSERYP	1	6	644	644
645	LSE	1	3	645	645
646	LSDSM	1	5	646	646
647	LS	0	2	647	647
648	LRP	0	3	648	648
649	LRL	0	3	649	649
650	LRF	0	3	650	650
651	LREY	1	4	651	651
652	LR	0	2	652	652
653	LQS	1	3	653	653
654	LQPLNAH	1	7	654	654
655	LQL	0	3	655	655
656	LQKF	0	4	656	656
657	LQ	0	2	657	657
658	LPVDE	1	5	658	658
659	LPQE	0	4	659	659
660	LPPP	0	4	660	660
661	LPPL	0	4	661	661
662	LPLQDVYK	1	8	662	662
663	LPLQDAH	1	7	663	663
664	LPLQD	1	5	664	664
665	LPLPLLQSW	0	9	665	665
666	LPLLEEAFLSR	1	11	666	666
667	LPKILLLQLV	0	10	667	667
668	LPKERLYV	1	8	668	668
669	LPGVAE	1	6	669	669
670	LPGD	1	4	670	670
671	LPG	1	3	671	671
672	LPFSQL	0	6	672	672
673	LPFQRL	1	6	673	673
674	LPFNQL	0	6	674	674
675	LPFDQL	0	6	675	675
676	LPEGAF	1	6	676	676
677	LPEEV	1	5	677	677
678	LPDSM	1	5	678	678
679	LPDP	1	4	679	679
680	LPDEPSR	0	7	680	680
681	LPDEAR	1	6	681	681
682	LP	0	2	682	682
683	LMSL	1	4	683	683
684	LM	1	2	684	684
685	LLRLKK	0	6	685	685
686	LLPGELAK	0	8	686	686
687	LLMLVV	1	6	687	687
688	LLLPGELAK	1	9	688	688
689	LLLPGELAF	1	9	689	689
690	LLLLPKP	1	7	690	690
691	LLLL	0	4	691	691
692	LLLHALL	0	7	692	692
693	LLL	0	3	693	693
694	LLG	0	3	694	694
695	LLF	0	3	695	695
696	LLEEKLK	1	7	696	696
697	LLDAFFFDNK	1	10	697	697
698	LL	0	2	698	698
699	LKYPLE	1	6	699	699
700	LKEAHDVA	1	8	700	700
701	LKDGQAQ	1	7	701	701
702	LK	0	2	702	702
703	LIDVDGKPQ	1	9	703	703
704	LI	0	2	704	704
705	LHLPLPLLQS	0	10	705	705
706	LHLPLPLL	0	8	706	706
707	LHLPLP	0	6	707	707
708	LH	1	2	708	708
709	LGYLEQLL	0	8	709	709
710	LGLR	1	4	710	710
711	LGLDGF	1	6	711	711
712	LGL	0	3	712	712
713	LGKSEDDVSK	1	10	713	713
714	LGGPL	1	5	714	714
715	LGGGG	0	5	715	715
716	LGGG	0	4	716	716
717	LGG	0	3	717	717
718	LGEYGFQNALIVR	1	13	718	718
719	LGEETF	1	6	719	719
720	LGDVLVR	1	7	720	720
721	LGAGGSLA	1	8	721	721
722	LG	0	2	722	722
723	LFEQHPEYRK	1	10	723	723
724	LF	0	2	724	724
725	LERM	1	4	725	725
726	LEQLL	0	5	726	726
727	LEQL	1	4	727	727
728	LELR	1	4	728	728
729	LEL	0	3	729	729
730	LEHA	1	4	730	730
731	LEF	1	3	731	731
732	LEER	1	4	732	732
733	LEEL	1	4	733	733
734	LEEELEAERA	1	10	734	734
735	LEEEL	1	5	735	735
736	LEDKVE	1	6	736	736
737	LE	1	2	737	737
738	LDYY	0	4	738	738
739	LDSPATPEK	1	9	739	739
740	LDL	1	3	740	740
741	LDIDDGF	1	7	741	741
742	LDFR	1	4	742	742
743	LDF	1	3	743	743
744	LDEVIERAN	1	9	744	744
745	LDELEK	1	6	745	745
746	LDDGR	1	5	746	746
747	LDDALR	1	6	747	747
748	LD	0	2	748	748
749	LAKVH	1	5	749	749
750	LAGNQEEE	0	8	750	750
751	LAGE	1	4	751	751
752	LAELK	1	5	752	752
753	LADW	1	4	753	753
754	LADVEEDK	1	8	754	754
755	LA	1	2	755	755
757	KVVITAPSS	1	9	757	757
758	KVLPVPQKAVPYPQ	0	14	758	758
759	KVDVDSLK	1	8	759	759
760	KTGLSPDQF	1	9	760	760
761	KTDLNFENL	1	9	761	761
762	KSQAKEVK	1	8	762	762
763	KSLEEA	1	6	763	763
764	KSIDDVEE	1	8	764	764
765	KSAEN	1	5	765	765
766	KR	0	2	766	766
767	KPWIQPK	0	7	767	767
768	KPPIHSGRTPVTGY	1	14	768	768
769	KPPFIV	0	6	769	769
770	KPK	0	3	770	770
771	KPGKPTRPN	1	9	771	771
772	KPF	0	3	772	772
773	KP	0	2	773	773
774	KLNDAQAPK	1	9	774	774
775	KLHENIAR	0	8	775	775
776	KKMFETES	1	8	776	776
777	KIDE	1	4	777	777
778	KGSLAEEE	1	8	778	778
779	KGSLADEE	1	8	779	779
780	KGRYER	1	6	780	780
781	KGNEESLA	1	8	781	781
782	KGGGGP	1	6	782	782
783	KGDEESLA	1	8	783	783
784	KGDEE	1	5	784	784
785	KGD	0	3	785	785
786	KG	1	2	786	786
787	KF	0	2	787	787
788	KETLEQEKSG	1	10	788	788
789	KER	0	3	789	789
790	KEPNRQWTPR	1	10	790	790
791	KENINELSK	1	9	791	791
792	KEMQKN	1	6	792	792
793	KEE	1	3	793	793
794	KEDVPSERY	0	9	794	794
795	KE	1	2	795	795
796	KDRTIDEDEF	1	10	796	796
797	KDLFDPVIQD	1	10	797	797
798	KDGGGGK	1	7	798	798
799	KDFPEAHSQAT	0	11	799	799
800	KCGQ	1	4	800	800
801	KAVPYPQ	0	7	801	801
802	KAVPYPPQ	0	8	802	802
803	KAPSTM	1	6	803	803
804	KALSEELDN	1	9	804	804
805	KALSEEL	1	7	805	805
806	KAKLSSGDV	1	9	806	806
807	KAEVQLDGGK	0	10	807	807
808	KAELE	1	5	808	808
809	KAELDLH	1	7	809	809
811	IW	0	2	811	811
812	IVPN	0	4	812	812
813	IVGRPRHQG	0	9	813	813
814	IVD	1	3	814	814
815	IV	0	2	815	815
816	ITTDTPEL	1	8	816	816
817	ITLEPGDMIH	1	10	817	817
818	IT	0	2	818	818
819	ISWCFTY	1	7	819	819
820	ISPPVVAY	0	8	820	820
821	ISKEK	1	5	821	821
822	ISIEDVEESRNK	1	12	822	822
823	IS	0	2	823	823
824	IR	0	2	824	824
825	IQQDDCK	1	7	825	825
826	IQKELQF	1	7	826	826
827	IQKEDVPS	0	8	827	827
828	IQEL	1	4	828	828
829	IQ	0	2	829	829
830	IPVNKPGRF	1	9	830	830
831	IPPLTQTPVVVPP	0	13	831	831
832	IPPL	0	4	832	832
833	IPIPATKT	1	8	833	833
834	IPH	1	3	834	834
835	IPAVF	0	5	835	835
836	IP	0	2	836	836
837	INTIASGEPT	0	10	837	837
838	INLPIQTFSALNFR	1	14	838	838
839	INKPGL	1	6	839	839
840	INH	0	3	840	840
841	INEL	1	4	841	841
842	IN	0	2	842	842
843	IMEALAGAGIDPRR	1	14	843	843
844	IL	0	2	844	844
845	IKQD	1	4	845	845
846	IKDPSAPHGL	1	10	846	846
847	IKDPHVD	1	7	847	847
848	IK	0	2	848	848
849	IIVFGRQLL	1	9	849	849
850	IIVDAYGGA	0	9	850	850
851	IINSFTQDDEK	0	11	851	851
852	IIAPPER	1	7	852	852
853	II	0	2	853	853
854	IH	1	2	854	854
855	IGTLAGA	0	7	855	855
856	IGPGLGR	1	7	856	856
857	IGPDVVIGPN	0	10	857	857
858	IGGIGTVPVGR	0	11	858	858
859	IGDM	1	4	859	859
860	IGAEVYHNLK	1	10	860	860
861	IG	0	2	861	861
862	IF	0	2	862	862
863	IEEAEHRADN	1	10	863	863
864	IEE	1	3	864	864
865	IE	1	2	865	865
866	IDVDGKPQIQ	1	10	866	866
867	IDEQHPR	1	7	867	867
868	IDDLEDE	1	7	868	868
869	ID	1	2	869	869
870	IAKYIPI	0	7	870	870
871	IA	0	2	871	871
873	HYKGSSF	1	7	873	873
874	HWDRSNWF	1	8	874	874
875	HVRRK	1	5	875	875
876	HVKELE	1	6	876	876
877	HV	1	2	877	877
878	HSISDLQ	1	7	878	878
879	HS	1	2	879	879
880	HPHFVR	1	6	880	880
881	HNESQN	1	6	881	881
882	HN	0	2	882	882
883	HLYHPVPIEE	1	10	883	883
884	HLQLAIR	1	7	884	884
885	HLPLPLLQS	0	9	885	885
886	HLPLPLLQ	0	8	886	886
887	HLFCHNK	1	7	887	887
888	HLEEEIK	1	7	888	888
889	HLDDALR	0	7	889	889
890	HKIPVKY	1	7	890	890
891	HKDDSPDLPK	1	10	891	891
892	HHYE	1	4	892	892
893	HGEDKEGE	1	8	893	893
894	HGDWPLPT	0	8	894	894
895	HFR	0	3	895	895
896	HEWQH	1	5	896	896
897	HEKLSEESEE	1	10	897	897
898	HEGEQGQEG	1	9	898	898
899	HEEGKIL	1	7	899	899
900	HEEDKEGE	1	8	900	900
901	HEAL	1	4	901	901
902	HEAEEVHEE	1	9	902	902
903	HDVDFH	1	6	903	903
904	HCHTN	1	5	904	904
905	HANR	1	4	905	905
907	GYY	0	3	907	907
908	GYSFTTTAER	1	10	908	908
909	GYSFLLAER	0	9	909	909
910	GYLIRK	1	6	910	910
911	GYG	0	3	911	911
912	GY	0	2	912	912
913	GW	0	2	913	913
914	GVV	0	3	914	914
915	GVNAMLRK	1	8	915	915
916	GV	0	2	916	916
917	GTVKIPPKRPP	1	11	917	917
918	GTGSFFPK	1	8	918	918
919	GSQPAEGAK	0	9	919	919
920	GSNRFET	1	7	920	920
921	GSEDPLPGAK	1	10	921	921
922	GSDPLNEEERN	1	11	922	922
923	GSAQA	1	5	923	923
924	GRVSNCAA	1	8	924	924
925	GRP	0	3	925	925
926	GR	0	2	926	926
927	GQEDYDRLRPL	1	11	927	927
928	GPVRGPFPIIV	0	11	928	928
929	GPVRGPFP	0	8	929	929
930	GPVGYGYEY	0	9	930	930
931	GPVGYGYE	1	8	931	931
932	GPTVEEVD	1	8	932	932
933	GPTAANRM	1	8	933	933
934	GPSGKLW	0	7	934	934
935	GPPVGPIKF	1	9	935	935
936	GPPFIV	0	6	936	936
937	GPPF	0	4	937	937
938	GPGCKAGL	1	8	938	938
939	GPG	0	3	939	939
940	GPFPVI	0	6	940	940
941	GPFPILV	1	7	941	941
942	GPFPILN	1	7	942	942
943	GPFPIIV	0	7	943	943
944	GPFPII	0	6	944	944
945	GPFPI	0	5	945	945
946	GPFP	0	4	946	946
947	GPFF	0	4	947	947
948	GPDPER	1	6	948	948
949	GPAGPAGPR	1	9	949	949
950	GP	0	2	950	950
951	GNPWEKARP	1	9	951	951
952	GNPDIEHP	0	8	952	952
953	GMIYPG	0	6	953	953
954	GLY	0	3	954	954
955	GLPD	1	4	955	955
956	GLLPDGTPR	1	9	956	956
957	GLL	0	3	957	957
958	GLGGG	0	5	958	958
959	GLGG	0	4	959	959
960	GLG	0	3	960	960
961	GLEDEVSKQR	1	10	961	961
962	GLE	1	3	962	962
963	GL	0	2	963	963
964	GKVQPEDNKGVF	1	12	964	964
965	GKKRSEAPPHIF	1	12	965	965
966	GKKRQEAPPHIF	1	12	966	966
967	GKHQQEEENEGG	0	12	967	967
968	GKEKVNELSK	1	10	968	968
969	GIQKELQF	1	8	969	969
970	GIPAWGY	0	7	970	970
971	GID	1	3	971	971
972	GI	0	2	972	972
973	GHPVAITA	1	8	973	973
974	GHGD	1	4	974	974
975	GHENQR	1	6	975	975
976	GHDGPFG	1	7	976	976
977	GGY	1	3	977	977
978	GGVVV	0	5	978	978
979	GGV	0	3	979	979
980	GGRPFFGG	0	8	980	980
981	GGRPFF	0	6	981	981
982	GGRGPPFIVGG	0	11	982	982
983	GGRGPPFIV	0	9	983	983
984	GGR	1	3	984	984
985	GGPG	1	4	985	985
986	GGP	0	3	986	986
987	GGNP	1	4	987	987
988	GGLSIITPPERQA	0	13	988	988
989	GGLRIINPEGQQQ	0	13	989	989
990	GGLRIINPEG	0	10	990	990
991	GGLGG	0	5	991	991
992	GGLG	0	4	992	992
993	GGL	0	3	993	993
994	GGKLVVDGHAIT	1	12	994	994
995	GGKATIIHAQ	1	10	995	995
996	GGISTGNLN	0	9	996	996
997	GGIGTVPVGRVETG	1	14	997	997
998	GGGS	0	4	998	998
999	GGGLG	0	5	999	999
1000	GGGL	0	4	1000	1000
1001	GGGGL	0	5	1001	1001
1002	GGGE	1	4	1002	1002
1003	GGFFGG	0	6	1003	1003
1004	GGFF	0	4	1004	1004
1005	GGF	0	3	1005	1005
1006	GGE	1	3	1006	1006
1007	GGA	0	3	1007	1007
1008	GFSSEFLA	0	8	1008	1008
1009	GFSFTTTAER	1	10	1009	1009
1010	GFP	0	3	1010	1010
1011	GFLGPQ	1	6	1011	1011
1012	GFGPE	1	5	1012	1012
1013	GFGDSCTPGKNER	1	13	1013	1013
1014	GFG	0	3	1014	1014
1015	GFF	0	3	1015	1015
1016	GFAE	1	4	1016	1016
1017	GF	0	2	1017	1017
1018	GEVED	1	5	1018	1018
1019	GEVDDSIQE	1	9	1019	1019
1020	GETGEAGERG	1	10	1020	1020
1021	GETGEAGER	1	9	1021	1021
1022	GESMTDGF	1	8	1022	1022
1023	GENEEEDSGAIVTVK	1	15	1023	1023
1024	GEIDEFLPAPR	0	11	1024	1024
1025	GEI	1	3	1025	1025
1026	GEG	1	3	1026	1026
1027	GEDFDNKLV	1	9	1027	1027
1028	GE	1	2	1028	1028
1029	GDVDPF	0	6	1029	1029
1030	GDVCRCLG	1	8	1030	1030
1031	GDG	1	3	1031	1031
1032	GD	1	2	1032	1032
1033	GCG	1	3	1033	1033
1034	GAVEDLERVK	1	10	1034	1034
1035	GATGRDGAR	0	9	1035	1035
1036	GANQLDPR	1	8	1036	1036
1037	GALEQILQDFE	1	11	1037	1037
1038	GALEQILQ	1	8	1038	1038
1039	GAL	0	3	1039	1039
1040	GAG	0	3	1040	1040
1041	GAEPVFR	1	7	1041	1041
1042	GAA	0	3	1042	1042
1044	FYPELFR	0	7	1044	1044
1045	FYPELF	0	6	1045	1045
1046	FYPE	0	4	1046	1046
1047	FY	0	2	1047	1047
1048	FW	0	2	1048	1048
1049	FVVAPFPEVFR	0	11	1049	1049
1050	FVT	1	3	1050	1050
1051	FVPISGW	1	7	1051	1051
1052	FVGLQER	1	7	1052	1052
1053	FVAKIKGKEQ	0	10	1053	1053
1054	FV	0	2	1054	1054
1055	FTKK	0	4	1055	1055
1056	FTERVQ	1	6	1056	1056
1057	FSGLDGSK	1	8	1057	1057
1058	FSGLDGAK	1	8	1058	1058
1059	FSADQIEDYR	0	10	1059	1059
1060	FREGDL	1	6	1060	1060
1061	FREGDI	1	6	1061	1061
1062	FRDEHQ	1	6	1062	1062
1063	FRDEH	1	5	1063	1063
1064	FQP	0	3	1064	1064
1065	FQLSAER	1	7	1065	1065
1066	FQKVVA	1	6	1066	1066
1067	FQEY	1	4	1067	1067
1068	FQ	0	2	1068	1068
1069	FPPFIV	0	6	1069	1069
1070	FPP	0	3	1070	1070
1071	FPK	0	3	1071	1071
1072	FPGIPDHL	0	8	1072	1072
1073	FPGDFTPEVH	0	10	1073	1073
1074	FPF	0	3	1074	1074
1075	FPEE	1	4	1075	1075
1076	FP	0	2	1076	1076
1077	FNKEE	1	5	1077	1077
1078	FNEIIKETST	1	10	1078	1078
1079	FMSALF	1	6	1079	1079
1080	FLNQDEEAR	1	9	1080	1080
1081	FLL	0	3	1081	1081
1082	FLDR	1	4	1082	1082
1083	FL	0	2	1083	1083
1084	FKKFP	1	5	1084	1084
1085	FIYDVLEDPVE	0	11	1085	1085
1086	FIV	0	3	1086	1086
1087	FI	0	2	1087	1087
1088	FHHGD	1	5	1088	1088
1089	FGGF	0	4	1089	1089
1090	FGG	0	3	1090	1090
1091	FGFG	0	4	1091	1091
1092	FGF	0	3	1092	1092
1093	FGEKL	1	5	1093	1093
1094	FG	0	2	1094	1094
1095	FFVAPFPEVFGK	0	12	1095	1095
1096	FFVAPFPEVF	0	10	1096	1096
1097	FFSDKIAK	0	8	1097	1097
1098	FFRPFFRPFFRPFF	0	14	1098	1098
1099	FFRPFFRPFF	0	10	1099	1099
1100	FFPR	0	4	1100	1100
1101	FFPP	0	4	1101	1101
1102	FFPGG	0	5	1102	1102
1103	FFPG	0	4	1103	1103
1104	FFPE	0	4	1104	1104
1105	FFGG	0	4	1105	1105
1106	FFG	0	3	1106	1106
1107	FFF	0	3	1107	1107
1108	FF	0	2	1108	1108
1109	FEGGSIE	0	7	1109	1109
1110	FEF	1	3	1110	1110
1111	FEEPQQPQQRG	1	11	1111	1111
1112	FEE	1	3	1112	1112
1113	FED	1	3	1113	1113
1114	FEA	0	3	1114	1114
1115	FE	1	2	1115	1115
1116	FDSL	1	4	1116	1116
1117	FDRL	1	4	1117	1117
1118	FDGK	1	4	1118	1118
1119	FDGF	1	4	1119	1119
1120	FDFWDGR	1	7	1120	1120
1121	FDELLEK	1	7	1121	1121
1122	FDDP	0	4	1122	1122
1123	FDDLP	1	5	1123	1123
1124	FDDGWESR	1	8	1124	1124
1125	FCEIIAILK	1	9	1125	1125
1126	FAPEF	0	5	1126	1126
1127	FALPQYLKT	0	9	1127	1127
1128	FALPQYLK	0	8	1128	1128
1129	FAGDDAPRAVFPS	1	13	1129	1129
1130	FAGDDAPR	1	8	1130	1130
1131	FADNVFAL	1	8	1131	1131
1132	FADL	1	4	1132	1132
1134	EYPPLGRFA	1	9	1134	1134
1135	EYPPLGR	1	7	1135	1135
1136	EY	1	2	1136	1136
1137	EWVPVTK	1	7	1137	1137
1138	EW	0	2	1138	1138
1139	EVY	0	3	1139	1139
1140	EVVLQ	1	5	1140	1140
1141	EVPELN	1	6	1141	1141
1142	EVNYDFGGK	1	9	1142	1142
1143	EVLN	0	4	1143	1143
1144	EVHEEEVH	1	8	1144	1144
1145	EVG	0	3	1145	1145
1146	EVDELRSYSSLMK	0	13	1146	1146
1147	EVC	1	3	1147	1147
1148	EVAEALDAPKTT	1	12	1148	1148
1149	EV	1	2	1149	1149
1150	ET	1	2	1150	1150
1151	ESVIVEISKK	1	10	1151	1151
1152	ESV	1	3	1152	1152
1153	ESPERPFL	1	8	1153	1153
1154	ESLA	1	4	1154	1154
1155	ESKIL	1	5	1155	1155
1156	ESHQQTLDD	1	9	1156	1156
1157	ESE	1	3	1157	1157
1158	ESCAPQL	1	7	1158	1158
1159	ES	1	2	1159	1159
1160	ERYLGYLEQ	0	9	1160	1160
1161	ERRY	1	4	1161	1161
1162	ER	0	2	1162	1162
1163	EQYEEEQEAK	1	10	1163	1163
1164	EQRQQEGVIVEL	1	12	1164	1164
1165	EQQQQ	1	5	1165	1165
1166	EQPQQNE	0	7	1166	1166
1167	EQLSTSEENSK	1	11	1167	1167
1168	EQLEATVQKLDESR	1	14	1168	1168
1169	EQGGEQG	0	7	1169	1169
1170	EQFPGAND	1	8	1170	1170
1171	EQEEYKK	1	7	1171	1171
1172	EQEEL	1	5	1172	1172
1173	EQEEK	1	5	1173	1173
1174	EQE	1	3	1174	1174
1175	EQDNDGNNIFSGFKR	1	15	1175	1175
1176	EPVTLT	1	6	1176	1176
1177	EPVSL	1	5	1177	1177
1178	EPVLGPVRGPFPIIV	0	15	1178	1178
1179	EPLCNQ	1	6	1179	1179
1180	EPL	1	3	1180	1180
1181	EPEPEPEPE	1	9	1181	1181
1182	EPE	1	3	1182	1182
1183	EPAGW	0	5	1183	1183
1184	EPAD	0	4	1184	1184
1185	EP	1	2	1185	1185
1186	ENRKPW	1	6	1186	1186
1187	ENINEL	1	6	1187	1187
1188	ENG	1	3	1188	1188
1189	ENF	0	3	1189	1189
1190	ENE	1	3	1190	1190
1191	EN	1	2	1191	1191
1192	EMQK	1	4	1192	1192
1193	EMH	1	3	1193	1193
1194	ELY	1	3	1194	1194
1195	ELQK	1	4	1195	1195
1196	ELLKLH	1	6	1196	1196
1197	ELL	0	3	1197	1197
1198	ELELQ	1	5	1198	1198
1199	ELEEL	0	5	1199	1199
1200	ELEEELEAERAA	1	12	1200	1200
1201	ELEEELEAERA	1	11	1201	1201
1202	ELEDLLEQTRL	1	11	1202	1202
1203	EL	1	2	1203	1203
1204	EKNRLNFLK	1	9	1204	1204
1205	EK	1	2	1205	1205
1206	EIVPNSVEQK	0	10	1206	1206
1207	EIVPN	0	5	1207	1207
1208	EINEL	1	5	1208	1208
1209	EIKKAALDANEK	1	12	1209	1209
1210	EIEELR	1	6	1210	1210
1211	EI	0	2	1211	1211
1212	EHGK	1	4	1212	1212
1213	EHGE	1	4	1213	1213
1214	EHAMLN	1	6	1214	1214
1215	EGTAG	1	5	1215	1215
1216	EGSTIGLSK	1	9	1216	1216
1217	EGSEAPDGSSR	1	11	1217	1217
1218	EGS	1	3	1218	1218
1219	EGNPAHQK	1	8	1219	1219
1220	EGHDLPADLPDH	1	12	1220	1220
1221	EGG	0	3	1221	1221
1222	EGF	1	3	1222	1222
1223	EGELPR	1	6	1223	1223
1224	EGEEEWDREG	1	10	1224	1224
1225	EGA	1	3	1225	1225
1226	EG	1	2	1226	1226
1227	EFVDIINSRN	0	10	1227	1227
1228	EFLKEQF	1	7	1228	1228
1229	EFKEYN	1	6	1229	1229
1230	EFKDHF	1	6	1230	1230
1231	EFEGGSIEH	1	9	1231	1231
1232	EFDKK	1	5	1232	1232
1233	EF	0	2	1233	1233
1234	EEVPEDWDAKP	1	11	1234	1234
1235	EESLA	1	5	1235	1235
1236	EERAESGES	1	9	1236	1236
1237	EEQEHT	1	6	1237	1237
1238	EEN	0	3	1238	1238
1239	EELNVPG	0	7	1239	1239
1240	EELEEELEAERA	1	12	1240	1240
1241	EEL	1	3	1241	1241
1242	EEKNPLPDAT	1	10	1242	1242
1243	EEK	1	3	1243	1243
1244	EEI	1	3	1244	1244
1245	EEHPVLLTEA	1	10	1245	1245
1246	EEFLK	1	5	1246	1246
1247	EEF	1	3	1247	1247
1248	EEEVVEEVE	1	9	1248	1248
1249	EEEQ	1	4	1249	1249
1250	EEEKPKF	1	7	1250	1250
1251	EEEE	1	4	1251	1251
1252	EEE	1	3	1252	1252
1253	EEDMERSEER	1	10	1253	1253
1254	EEDGK	1	5	1254	1254
1255	EED	1	3	1255	1255
1256	EEAKFN	1	6	1256	1256
1257	EEAK	1	4	1257	1257
1258	EEAEGT	1	6	1258	1258
1259	EE	1	2	1259	1259
1260	EDV	1	3	1260	1260
1261	EDQVF	1	5	1261	1261
1262	EDQK	1	4	1262	1262
1263	EDPFAED	1	7	1263	1263
1264	EDG	1	3	1264	1264
1265	EDF	1	3	1265	1265
1266	EDEIFPR	1	7	1266	1266
1267	EDEGEQPRPF	1	10	1267	1267
1268	EDEDE	1	5	1268	1268
1269	EDE	1	3	1269	1269
1270	EDD	1	3	1270	1270
1271	EDCS	1	4	1271	1271
1272	EDAP	1	4	1272	1272
1273	ED	1	2	1273	1273
1274	ECH	1	3	1274	1274
1275	ECG	1	3	1275	1275
1276	EAVEKPQS	1	8	1276	1276
1277	EATLWDMEEK	1	10	1277	1277
1278	EAPGTYHH	1	8	1278	1278
1279	EANK	1	4	1279	1279
1280	EALEATAQ	1	8	1280	1280
1281	EAGIQ	1	5	1281	1281
1282	EAF	1	3	1282	1282
1283	EAAGL	1	5	1283	1283
1284	EA	1	2	1284	1284
1286	DY	0	2	1286	1286
1287	DWTDDVEAR	1	9	1287	1287
1288	DWDPHGL	1	7	1288	1288
1289	DVVF	1	4	1289	1289
1290	DVTDVTGDRGVTVT	1	14	1290	1290
1291	DVNNPANQLD	1	10	1291	1291
1292	DVNHDGKISIED	1	12	1292	1292
1293	DVL	1	3	1293	1293
1294	DVILPVPAF	1	9	1294	1294
1295	DVFRAIPSEV	1	10	1295	1295
1296	DVELSK	1	6	1296	1296
1297	DV	0	2	1297	1297
1298	DTYNPR	1	6	1298	1298
1299	DTEEVEHGEE	1	10	1299	1299
1300	DTDEPN	0	6	1300	1300
1301	DSTDEKFLR	1	9	1301	1301
1302	DSQ	1	3	1302	1302
1303	DREKFDE	1	7	1303	1303
1304	DR	1	2	1304	1304
1305	DQR	1	3	1305	1305
1306	DQPHFPF	1	7	1306	1306
1307	DQLEKQVK	1	8	1307	1307
1308	DQEDLDESLIGVK	1	13	1308	1308
1309	DQEDDLDESLIGVK	1	14	1309	1309
1310	DQAIPNKPEE	1	10	1310	1310
1311	DPRVI	1	5	1311	1311
1312	DPQ	1	3	1312	1312
1313	DPPFIV	0	6	1313	1313
1314	DPNHFGPADLPDKY	1	14	1314	1314
1315	DPNDPDMKY	1	9	1315	1315
1316	DPLRGGYY	1	8	1316	1316
1317	DPIIQDRHGG	1	10	1317	1317
1318	DPFDQDDWEAWTK	0	13	1318	1318
1319	DPDGW	1	5	1319	1319
1320	DP	1	2	1320	1320
1321	DNW	1	3	1321	1321
1322	DNPNW	1	5	1322	1322
1323	DNLELEDAVHT	1	11	1323	1323
1324	DMIPAQK	0	7	1324	1324
1325	DMC	1	3	1325	1325
1326	DM	0	2	1326	1326
1327	DLTK	1	4	1327	1327
1328	DLSESV	1	6	1328	1328
1329	DLRAD	1	5	1329	1329
1330	DLL	0	3	1330	1330
1331	DLKEKL	1	6	1331	1331
1332	DLAGRDLTDYLMKIL	1	15	1332	1332
1333	DL	1	2	1333	1333
1334	DKYHPGY	1	7	1334	1334
1335	DKDGKGKIPEEY	1	12	1335	1335
1336	DK	1	2	1336	1336
1337	DIQPEER	0	7	1337	1337
1338	DIKQM	0	5	1338	1338
1339	DHAEQDVR	1	8	1339	1339
1340	DGY	0	3	1340	1340
1341	DGV	1	3	1341	1341
1342	DGRGHL	1	6	1342	1342
1343	DGPL	1	4	1343	1343
1344	DGKISIEDVE	1	10	1344	1344
1345	DGKGKIPEEY	1	10	1345	1345
1346	DGGRYY	1	6	1346	1346
1347	DGG	1	3	1347	1347
1348	DGFASD	1	6	1348	1348
1349	DGF	1	3	1349	1349
1350	DGEKVDFDDIQK	0	12	1350	1350
1351	DGEKVDFDD	1	9	1351	1351
1352	DGEKVDF	1	7	1352	1352
1353	DGC	1	3	1353	1353
1354	DG	1	2	1354	1354
1355	DFWDGRDG	1	8	1355	1355
1356	DFWDGRD	1	7	1356	1356
1357	DFWDGR	1	6	1357	1357
1358	DFNALPFK	1	8	1358	1358
1359	DFKSPDDPSRH	0	11	1359	1359
1360	DFKREP	1	6	1360	1360
1361	DFE	1	3	1361	1361
1362	DFDDIQK	1	7	1362	1362
1363	DF	0	2	1363	1363
1364	DETL	1	4	1364	1364
1365	DESNIPDVSKFGY	1	13	1365	1365
1366	DES	1	3	1366	1366
1367	DERF	1	4	1367	1367
1368	DEPLIVW	0	7	1368	1368
1369	DEL	1	3	1369	1369
1370	DEKR	0	4	1370	1370
1371	DEK	1	3	1371	1371
1372	DEGEQPRPFP	1	10	1372	1372
1373	DEGDLDF	1	7	1373	1373
1374	DEEYPDLS	1	8	1374	1374
1375	DEEYPDL	1	7	1375	1375
1376	DEESLA	0	6	1376	1376
1377	DEELNKLL	1	8	1377	1377
1378	DEELNKLK	1	8	1378	1378
1379	DEE	1	3	1379	1379
1380	DEDTQAMP	0	8	1380	1380
1381	DEDFKREP	1	8	1381	1381
1382	DEDEQPRPIP	1	10	1382	1382
1383	DED	1	3	1383	1383
1384	DEAVARGATF	1	10	1384	1384
1385	DE	1	2	1385	1385
1386	DDPKLVH	0	7	1386	1386
1387	DDNK	1	4	1387	1387
1388	DDLDR	1	5	1388	1388
1389	DDL	1	3	1389	1389
1390	DDF	1	3	1390	1390
1391	DDE	1	3	1391	1391
1392	DDDD	1	4	1392	1392
1393	DDD	1	3	1393	1393
1394	DDCPDK	1	6	1394	1394
1395	DDALR	1	5	1395	1395
1396	DD	1	2	1396	1396
1397	DCIY	1	4	1397	1397
1398	DCG	1	3	1398	1398
1399	DATE	1	4	1399	1399
1400	DAT	1	3	1400	1400
1401	DAPYDYK	1	7	1401	1401
1402	DAPLPHPNR	1	9	1402	1402
1403	DAPASGN	1	7	1403	1403
1404	DAP	1	3	1404	1404
1405	DAMDGWFRLE	1	10	1405	1405
1406	DALTN	1	5	1406	1406
1407	DALNVNRHIV	0	10	1407	1407
1408	DALKKK	1	6	1408	1408
1409	DALAHK	1	6	1409	1409
1410	DAL	1	3	1410	1410
1411	DAGVIAGLNVLR	1	12	1411	1411
1412	DAG	1	3	1412	1412
1413	DAFLGSFLYEYSR	1	13	1413	1413
1414	DAE	1	3	1414	1414
1415	DA	1	2	1415	1415
1417	CSQ	1	3	1417	1417
1418	CRD	1	3	1418	1418
1419	CQ	1	2	1419	1419
1420	CPR	0	3	1420	1420
1421	CN	1	2	1421	1421
1422	CMT	0	3	1422	1422
1423	CM	1	2	1423	1423
1424	CKEVVRNANE	0	10	1424	1424
1425	CE	1	2	1425	1425
1426	CDLSD	1	5	1426	1426
1427	CCNKSV	1	6	1427	1427
1428	CALTP	1	5	1428	1428
1430	AYFYPEL	0	7	1430	1430
1431	AY	0	2	1431	1431
1432	AVNPYR	1	6	1432	1432
1433	AVLEEAQKVELK	1	12	1433	1433
1434	AVDNIPVGPN	0	10	1434	1434
1435	AV	0	2	1435	1435
1436	ATQ	1	3	1436	1436
1437	ATNGSR	1	6	1437	1437
1438	ATERGYSF	1	8	1438	1438
1439	AT	1	2	1439	1439
1440	ASNMSDL	1	7	1440	1440
1441	ASLDGEFKG	1	9	1441	1441
1442	ASHLGRPN	0	8	1442	1442
1443	ASEFFR	1	6	1443	1443
1444	ARHPHPHLSFM	0	11	1444	1444
1445	AREIALQELGEQAK	1	14	1445	1445
1446	AREALQELGEQAK	1	13	1446	1446
1447	AR	0	2	1447	1447
1448	AQPT	1	4	1448	1448
1449	AQPA	1	4	1449	1449
1450	AQKDEEKME	1	9	1450	1450
1451	AQALQAQA	1	8	1451	1451
1452	AQ	0	2	1452	1452
1453	APYSGY	1	6	1453	1453
1454	APYLR	0	5	1454	1454
1455	APPERKYS	1	8	1455	1455
1456	APPERKY	1	7	1456	1456
1457	APK	0	3	1457	1457
1458	APFPEVFG	0	8	1458	1458
1459	APFPEVF	0	7	1459	1459
1460	APFPE	0	5	1460	1460
1461	APDFGNR	1	7	1461	1461
1462	APAP	1	4	1462	1462
1463	APA	1	3	1463	1463
1464	ANPGPVRDLR	1	10	1464	1464
1465	AMLEQVAMTDK	1	11	1465	1465
1466	AMKLEKENAL	1	10	1466	1466
1467	AMDDDEADLLLLAM	1	14	1467	1467
1468	AM	0	2	1468	1468
1469	ALVDDDEWGKE	1	11	1469	1469
1470	ALTSLDGEFKG	1	11	1470	1470
1471	ALPEEV	1	6	1471	1471
1472	ALPAEV	1	6	1472	1472
1473	ALEPDHR	0	7	1473	1473
1474	ALDPLPT	0	7	1474	1474
1475	ALDELGT	1	7	1475	1475
1476	ALASLDGEFKG	1	11	1476	1476
1477	AL	0	2	1477	1477
1478	AKYDDIK	1	7	1478	1478
1479	AKLTSLEEECQR	1	12	1479	1479
1480	AKEKFD	1	6	1480	1480
1481	AKALKEEDL	1	9	1481	1481
1482	AITEVDLERAE	1	11	1482	1482
1483	AIA	0	3	1483	1483
1484	AHSVRFY	1	7	1484	1484
1485	AHLDYGDGK	1	9	1485	1485
1486	AH	1	2	1486	1486
1487	AGY	0	3	1487	1487
1488	AGVEDVY	1	7	1488	1488
1489	AGPYPDK	1	7	1489	1489
1490	AGPSIVH	1	7	1490	1490
1491	AGNPDIEHPE	0	10	1491	1491
1492	AGN	1	3	1492	1492
1493	AGLQFPVGR	1	9	1493	1493
1494	AGLELLK	1	7	1494	1494
1495	AGKNTNGSQF	1	10	1495	1495
1496	AGG	0	3	1496	1496
1497	AGFMPLP	1	7	1497	1497
1498	AGFAGRRAPR	0	10	1498	1498
1499	AGFAGDDAPR	1	10	1499	1499
1500	AGE	1	3	1500	1500
1501	AGDDAPR	1	7	1501	1501
1502	AGCD	1	4	1502	1502
1503	AGAGPTP	1	7	1503	1503
1504	AGA	0	3	1504	1504
1505	AFTSYDRT	0	8	1505	1505
1506	AFQWTAWR	0	8	1506	1506
1507	AFGRSIVN	1	8	1507	1507
1508	AFDVQ	1	5	1508	1508
1509	AFDPNDPDMK	1	10	1509	1509
1510	AFDEK	1	5	1510	1510
1511	AF	0	2	1511	1511
1512	AEVKKAP	1	7	1512	1512
1513	AETELGETSQ	1	10	1513	1513
1514	AESHANKHKIPVKY	1	14	1514	1514
1515	AEPE	1	4	1515	1515
1516	AEP	0	3	1516	1516
1517	AELTPEP	1	7	1517	1517
1518	AEKEEEFENT	1	10	1518	1518
1519	AEINKILGN	1	9	1519	1519
1520	AEEVEEERLK	1	10	1520	1520
1521	AEEHVEAVN	1	9	1521	1521
1522	AEDLSTLR	1	8	1522	1522
1523	AEDDWEAW	1	8	1523	1523
1524	AED	1	3	1524	1524
1525	AEASALR	1	7	1525	1525
1526	AEA	1	3	1526	1526
1527	AE	1	2	1527	1527
1528	ADWPR	0	5	1528	1528
1529	ADL	1	3	1529	1529
1530	ADHDLPF	0	7	1530	1530
1531	ADGSTINQNVK	1	11	1531	1531
1532	ADGLWL	1	6	1532	1532
1533	ADE	1	3	1533	1533
1534	ADC	1	3	1534	1534
1535	ADA	1	3	1535	1535
1536	AD	1	2	1536	1536
1537	AAPY	1	4	1537	1537
1538	AAPHENATLH	1	10	1538	1538
1539	AAL	0	3	1539	1539
1540	AAG	0	3	1540	1540
1541	AAEAKLELLE	1	10	1541	1541
1542	AADESERM	1	8	1542	1542
1543	AAA	0	3	1543	1543
1544	AA	0	2	1544	1544
